{
    "avg_metrics": {
        "accuracy": 0.9072817729534147,
        "outliers_accuracy": 1.0,
        "precision": 0.7294622236885516,
        "recall": 1.0,
        "f1": 0.8435711560473101,
        "precision_recall_curve": null,
        "auc_pr": null,
        "positive_recall": 1.0,
        "negative_recall": 0.8763756972712197,
        "positive_precision": 0.7294622236885516,
        "negative_precision": 1.0,
        "tp_percentage": 0.25,
        "fp_percentage": 0.09271822704658525,
        "fn_percentage": 0.0,
        "tn_percentage": 0.6572817729534147
    }
}