{
    "avg_metrics": {
    "accuracy": 0.8841498148675591,
    "outliers_accuracy": 0.9871831387069211,
    "precision": 0.686608557844691,
    "recall": 0.9871831387069211,
    "f1": 0.8099076994976049,
    "precision_recall_curve": null,
    "auc_pr": null,
    "positive_recall": 0.9871831387069211,
    "negative_recall": 0.8498053735877718,
    "positive_precision": 0.686608557844691,
    "negative_precision": 0.9949977767896843,
    "tp_percentage": 0.24679578467673027,
    "fp_percentage": 0.11264596980917117,
    "fn_percentage": 0.0032042153232697238,
    "tn_percentage": 0.6373540301908288
}}