{
    "avg_metrics": {
    "accuracy": 0.6216177727143264,
    "outliers_accuracy": 0.9971518086015381,
    "precision": 0.39761499148211243,
    "recall": 0.9971518086015381,
    "f1": 0.5685287430984086,
    "precision_recall_curve": null,
    "auc_pr": null,
    "positive_recall": 0.9971518086015381,
    "negative_recall": 0.49643976075192253,
    "positive_precision": 0.39761499148211243,
    "negative_precision": 0.9980912387860279,
    "tp_percentage": 0.24928795215038452,
    "fp_percentage": 0.37767017943605813,
    "fn_percentage": 0.0007120478496154941,
    "tn_percentage": 0.37232982056394187
}}